page	width	status	screenshot_bytes	body_excerpt
board	320	200	39177	+ | Pipeline | Matrix
board	375	200	40154	+ | Pipeline | Matrix
board	390	200	40754	+ | Pipeline | Matrix
board	430	200	41484	+ | Pipeline | Matrix
board	520	200	40601	+ | Pipeline | Matrix
board	768	200	43080	Pipeline | Matrix | Term
board	1024	200	41379	Pipeline | Matrix | Term
pipeline	320	200	17945	✋ | ✏️ | T
pipeline	375	200	18344	✋ | ✏️ | T
pipeline	390	200	18435	✋ | ✏️ | T
pipeline	430	200	18191	✋ | ✏️ | T
pipeline	520	200	18896	✋ | ✏️ | T
pipeline	768	200	22123	✋ | ✏️ | T
pipeline	1024	200	23080	✋ | ✏️ | T
wip	320	200	18719	Work in progress | generated 2026-07-09T04:21:47Z | WIP
wip	375	200	19074	Work in progress | generated 2026-07-09T04:21:47Z | WIP
wip	390	200	19183	Work in progress | generated 2026-07-09T04:21:47Z | WIP
wip	430	200	18843	Work in progress | generated 2026-07-09T04:21:47Z | WIP
wip	520	200	19284	Work in progress | generated 2026-07-09T04:21:47Z | WIP
wip	768	200	22387	Work in progress | generated 2026-07-09T04:21:47Z | Board
wip	1024	200	23567	Work in progress | generated 2026-07-09T04:21:47Z | Board
completed	320	200	42306	Completed work validation | generated 2026-07-09T04:21:47Z | Completed
completed	375	200	54298	Completed work validation | generated 2026-07-09T04:21:47Z | Completed
completed	390	200	55790	Completed work validation | generated 2026-07-09T04:21:47Z | Completed
completed	430	200	57961	Completed work validation | generated 2026-07-09T04:21:47Z | Completed
completed	520	200	60833	Completed work validation | generated 2026-07-09T04:21:47Z | Completed
completed	768	200	85931	Completed work validation | generated 2026-07-09T04:21:47Z | Board
completed	1024	200	121391	Completed work validation | generated 2026-07-09T04:21:47Z | Board
term	320	200	19703	☰ | local | implementation · coder/verifier
term	375	200	23711	☰ | local | implementation · coder/verifier
term	390	200	24300	☰ | local | implementation · coder/verifier
term	430	200	27069	☰ | local | implementation · coder/verifier
term	520	200	33812	☰ | local | implementation · coder/verifier
term	768	200	83763	☰ | local | implementation · coder/verifier
term	1024	200	93743	☰ | local | implementation · coder/verifier
